{
  "Exercises": [
    {
      "Id": 1,
      "Name": "Exercise 1. Right hand",
      "StudySet": "торт рот горн тон 7 нот гот трон гонг норт грон",
      "LessonId": 1
    },
    {
      "Id": 2,
      "Name": "Exercise 2. Left hand",
      "StudySet": "мак мапа 6 кемп капа пика 5 мека емка ким кепа ака",
      "LessonId": 1
    },
    {
      "Id": 3,
      "Name": "Exercise 3. Right hand",
      "StudySet": "лоб лор лот 8 робот лоно борт троль роль бронь горб льон",
      "LessonId": 2
    },
    {
      "Id": 4,
      "Name": "Exercise 4. Left hand",
      "StudySet": "кава сам пив сума каса впав свап миска 4 пас ваму спав маска вуса мис",
      "LessonId": 2
    },
    {
      "Id": 5,
      "Name": "Exercise 5. Right hand",
      "StudySet": "шлюб щоб людно 9 борщ лорд блонд люд щодо дощ трою одоробло",
      "LessonId": 3
    },
    {
      "Id": 6,
      "Name": "Exercise 6. Left hand",
      "StudySet": "цікава чек сік укіс вік сів чув 3 чіп мавік сумі віспа",
      "LessonId": 3
    },
    {
      "Id": 7,
      "Name": "Exercise 7. Right hand",
      "StudySet": "хор зроз хлор їдло. Єн ложо 0 + 9 = 9. Озноб блює",
      "LessonId": 4
    },
    {
      "Id": 8,
      "Name": "Exercise 8. Left hand",
      "StudySet": "Фікція вій Якім фея 2 свій мій 1 вія смакуй Майя кип'я",
      "LessonId": 4
    }
  ],
  "LearningResults": [
    {
      "Id": 1,
      "Accuracy": 85,
      "Speed": 60,
      "UserId": 1,
      "ExerciseId": 1
    },
    {
      "Id": 2,
      "Accuracy": 90,
      "Speed": 70,
      "UserId": 2,
      "ExerciseId": 2
    }
  ],
  "Lessons": [
    {
      "Id": 1,
      "Name": "Lesson 1",
      "Description": "Вказівні пальці"
    },
    {
      "Id": 2,
      "Name": "Lesson 2",
      "Description": "Середні пальці"
    },
    {
      "Id": 3,
      "Name": "Lesson 3",
      "Description": "Безіменні пальці"
    },
    {
      "Id": 4,
      "Name": "Lesson 4",
      "Description": "Мізинці"
    }
  ],
  "TestingMaterials": [
    {
      "Id": 1,
      "Text": "Lorem ipsum dolor sit amet, consectetur adipiscing elit."
    },
    {
      "Id": 2,
      "Text": "Sed do eiusmod tempor incididunt ut labore et dolore magna aliqua."
    }
  ],
  "TestResults": [
    {
      "Id": 1,
      "Accuracy": 75,
      "Speed": 55,
      "UserId": 1
    },
    {
      "Id": 2,
      "Accuracy": 80,
      "Speed": 65,
      "UserId": 2
    }
  ],
  "Users": [
    {
      "Id": 1,
      "Email": "user1@example.com",
      "Password": "password1",
      "CurrentLessonId": 2,
      "CurrentExerciseId": 3
    },
    {
      "Id": 2,
      "Email": "user2@example.com",
      "Password": "password2",
      "CurrentLessonId": 1,
      "CurrentExerciseId": 1
    }
  ],
  "Text": "Набраний текст допоможе дізнатися поточну швидкість та точність друку для подальшого покращення"
}
